id,category,item,description,image_link
1,Small Showpieces & Table Decor,Brass diya,"Handcrafted Brass diya for premium tabletop styling in warm, minimal Indian interiors; ideal for shelves, consoles, and catalog product shots.",https://images.pexels.com/photos/6213685/pexels-photo-6213685.jpeg
2,Small Showpieces & Table Decor,Terracotta horse,"Handcrafted Terracotta horse for premium tabletop styling in warm, minimal Indian interiors; ideal for shelves, consoles, and catalog product shots.",https://images.pexels.com/photos/36590053/pexels-photo-36590053.jpeg
3,Small Showpieces & Table Decor,Wooden elephant figurine,"Handcrafted Wooden elephant figurine for premium tabletop styling in warm, minimal Indian interiors; ideal for shelves, consoles, and catalog product shots.",https://images.pexels.com/photos/11450666/pexels-photo-11450666.jpeg
4,Small Showpieces & Table Decor,Marble miniature,"Handcrafted Marble Taj Mahal miniature for premium tabletop styling in warm, minimal Indian interiors; ideal for shelves, consoles, and catalog product shots.",https://5.imimg.com/data5/SELLER/Default/2024/9/449706985/DH/VI/QE/2114727/marble-miniature-elephant-with-baby.jpg
5,Small Showpieces & Table Decor,Hand-painted clay pots,"Handcrafted Hand-painted clay pots for premium tabletop styling in warm, minimal Indian interiors; ideal for shelves, consoles, and catalog product shots.",https://images.pexels.com/photos/30698565/pexels-photo-30698565.jpeg
7,Small Showpieces & Table Decor,Buddha statue,"Handcrafted Buddha statue for premium tabletop styling in warm, minimal Indian interiors; ideal for shelves, consoles, and catalog product shots.",https://images.pexels.com/photos/33824478/pexels-photo-33824478.jpeg
9,Small Showpieces & Table Decor,Wooden camel set,"Handcrafted Wooden camel set for premium tabletop styling in warm, minimal Indian interiors; ideal for shelves, consoles, and catalog product shots.",https://images.pexels.com/photos/6060946/pexels-photo-6060946.jpeg
10,Small Showpieces & Table Decor,Metal peacock showpiece,"Handcrafted Metal peacock showpiece for premium tabletop styling in warm, minimal Indian interiors; ideal for shelves, consoles, and catalog product shots.",https://images.pexels.com/photos/12896785/pexels-photo-12896785.jpeg
12,Small Showpieces & Table Decor,Rajasthani puppet (Kathputli),"Handcrafted Rajasthani puppet (Kathputli) for premium tabletop styling in warm, minimal Indian interiors; ideal for shelves, consoles, and catalog product shots.",https://itokri.com/cdn/shop/files/rajasthani-handmade-puppet-kathputli-decor-decorations-247.jpg?v=1765899205
13,Small Showpieces & Table Decor,Stone Ganesh idol,"Handcrafted Stone Ganesh idol for premium tabletop styling in warm, minimal Indian interiors; ideal for shelves, consoles, and catalog product shots.",https://encrypted-tbn0.gstatic.com/images?q=tbn:ANd9GcTqK0G5vj3TbqfAuRDu2F7zuZo5x0CfltdsIQ&s
15,Small Showpieces & Table Decor,Mini lantern,"Handcrafted Mini lantern for premium tabletop styling in warm, minimal Indian interiors; ideal for shelves, consoles, and catalog product shots.",https://www.home4u.in/cdn/shop/files/HY00009667_CR.jpg?v=1753072083
16,Small Showpieces & Table Decor,Vintage compass decor,"Handcrafted Vintage compass decor for premium tabletop styling in warm, minimal Indian interiors; ideal for shelves, consoles, and catalog product shots.",https://www.craple.com/product/antique-brass-nautical-desk-clock-compass-victoria-london-1876/?srsltid=AfmBOorlACFJxvDPrVM2ShJkfMpd8E__-zco1sDaLK1D92iodL_NYark
18,Small Showpieces & Table Decor,Seashell decor bowl,"Handcrafted Seashell decor bowl for premium tabletop styling in warm, minimal Indian interiors; ideal for shelves, consoles, and catalog product shots.",https://rabyana.in/cdn/shop/products/RB2112094.jpg?v=1758693895
20,Small Showpieces & Table Decor,Decorative sand timer,"Handcrafted Decorative sand timer for premium tabletop styling in warm, minimal Indian interiors; ideal for shelves, consoles, and catalog product shots.",https://image.made-in-china.com/202f0j00mrFoJHkcySqa/Wooden-Plastic-Metal-Hourglass-Desktop-Decorative-Sand-Timer-Sand-Clock.webp
21,Small Showpieces & Table Decor,Meenakari box,"Handcrafted Meenakari box for premium tabletop styling in warm, minimal Indian interiors; ideal for shelves, consoles, and catalog product shots.","https://m.media-amazon.com/images/I/81RzyK4jasL._AC_UF894,1000_QL80_.jpg"
22,Small Showpieces & Table Decor,Antique key decor,"Handcrafted Antique key decor for premium tabletop styling in warm, minimal Indian interiors; ideal for shelves, consoles, and catalog product shots.",https://encrypted-tbn0.gstatic.com/images?q=tbn:ANd9GcQudxIKpy4G7hfOcQN5ZLF_7pqVedOVELUt4Q&s
24,Small Showpieces & Table Decor,Mini charpai model,"Handcrafted Mini charpai model for premium tabletop styling in warm, minimal Indian interiors; ideal for shelves, consoles, and catalog product shots.","https://m.media-amazon.com/images/I/61sTnJR586L._AC_UF894,1000_QL80_.jpg"
25,Small Showpieces & Table Decor,Ethnic pen stand,"Handcrafted Ethnic pen stand for premium tabletop styling in warm, minimal Indian interiors; ideal for shelves, consoles, and catalog product shots.",https://images.meesho.com/images/products/864315423/rcor8_512.avif?width=512
26,Small Showpieces & Table Decor,Warli art figurine,"Handcrafted Warli art figurine for premium tabletop styling in warm, minimal Indian interiors; ideal for shelves, consoles, and catalog product shots.",https://rukminim2.flixcart.com/image/1536/1536/xif0q/showpiece-figurine/0/p/n/15-12-dc1087-deco-craft-33-original-imahcghcfnnzrd8r.jpeg?q=90
27,Small Showpieces & Table Decor,Glass bottle art,"Handcrafted Glass bottle art for premium tabletop styling in warm, minimal Indian interiors; ideal for shelves, consoles, and catalog product shots.",https://encrypted-tbn0.gstatic.com/images?q=tbn:ANd9GcToUc-tAh9i9R21q67SEy9lESXEh57ZAo9EuQ&s
28,Small Showpieces & Table Decor,Clay diya set,"Handcrafted Clay diya set for premium tabletop styling in warm, minimal Indian interiors; ideal for shelves, consoles, and catalog product shots.",https://m.media-amazon.com/images/I/51HgNhvLsSL._SY300_SX300_QL70_FMwebp_.jpg
29,Small Showpieces & Table Decor,Peacock feather decor,"Handcrafted Peacock feather decor for premium tabletop styling in warm, minimal Indian interiors; ideal for shelves, consoles, and catalog product shots.",https://www.sammsara.com/cdn/shop/products/Screenshot2022-09-16at1.19.00PM.png?v=1756197507&width=800
30,Small Showpieces & Table Decor,Decorative mirror tray,"Handcrafted Decorative mirror tray for premium tabletop styling in warm, minimal Indian interiors; ideal for shelves, consoles, and catalog product shots.",https://theknottyrope.com/cdn/shop/files/Gemini_Generated_Image_f8ltw0f8ltw0f8ltcopy.png?v=1772625372&width=2048
31,Small Showpieces & Table Decor,Mini temple (mandir),"Handcrafted Mini temple (mandir) for premium tabletop styling in warm, minimal Indian interiors; ideal for shelves, consoles, and catalog product shots.",https://m.media-amazon.com/images/I/61n2EWMq12L._SY879_.jpg
32,Small Showpieces & Table Decor,Wooden owl figurine,"Handcrafted Wooden owl figurine for premium tabletop styling in warm, minimal Indian interiors; ideal for shelves, consoles, and catalog product shots.",https://i5.walmartimages.com/asr/d116384b-d946-4fa1-9414-f510f9db0851.0e1e517a5afa85626d052485db1811d1.jpeg?odnHeight=768&odnWidth=768&odnBg=FFFFFF
34,Small Showpieces & Table Decor,Brass incense holder,"Handcrafted Brass incense holder for premium tabletop styling in warm, minimal Indian interiors; ideal for shelves, consoles, and catalog product shots.",https://m.media-amazon.com/images/I/71WnWNGhhML._SX679_.jpg
35,Small Showpieces & Table Decor,Shell wind mini decor,"Handcrafted Shell wind mini decor for premium tabletop styling in warm, minimal Indian interiors; ideal for shelves, consoles, and catalog product shots.",https://encrypted-tbn0.gstatic.com/images?q=tbn:ANd9GcTmKr_1vyslhmh2ZuBbeL5NG1AdbPiFq97c2Q&s
36,Small Showpieces & Table Decor,Colorful glass jars,"Handcrafted Colorful glass jars for premium tabletop styling in warm, minimal Indian interiors; ideal for shelves, consoles, and catalog product shots.",https://m.media-amazon.com/images/I/51-449K829L._SY300_SX300_QL70_FMwebp_.jpg
37,Small Showpieces & Table Decor,Stone carvings,"Handcrafted Stone carvings for premium tabletop styling in warm, minimal Indian interiors; ideal for shelves, consoles, and catalog product shots.",https://content.jdmagicbox.com/v2/comp/delhi/l8/011pxx11.xx11.100110213612.f5l8/catalogue/sunidhi-international-india-shahdara-delhi-handicraft-item-manufacturers-d1zqd.jpg
38,Small Showpieces & Table Decor,Mini hand fan decor,"Handcrafted Mini hand fan decor for premium tabletop styling in warm, minimal Indian interiors; ideal for shelves, consoles, and catalog product shots.",https://img.nihaojewelry.com/fit-in/800x800/filters:format(webp)/product/2026/3/11/2031634428274544640/Chinoiserie-Beige-Bamboo-Fan-Featuring-Ditsy-Floral-Pattern.jpg
39,Small Showpieces & Table Decor,Antique lock decor,"Handcrafted Antique lock decor for premium tabletop styling in warm, minimal Indian interiors; ideal for shelves, consoles, and catalog product shots.",https://www.pexels.com/search/Antique%20lock%20decor%20indian%20ethnic%20home%20decor%20warm%20minimal%20luxury/
40,Small Showpieces & Table Decor,Marble plate art,"Handcrafted Marble plate art for premium tabletop styling in warm, minimal Indian interiors; ideal for shelves, consoles, and catalog product shots.",https://5.imimg.com/data5/SELLER/Default/2023/7/326409947/KV/MJ/GS/193247199/plates-1--500x500.jpg
41,Wall Decor & Hangings,Macrame wall hanging,"Decorative Macrame wall hanging that adds ethnic texture and visual depth to neutral walls; perfect for warm, "" cohesive modern Indian decor themes.",https://5.imimg.com/data5/SELLER/Default/2021/5/JR/DO/KJ/82644246/indian-yards-macrame-wall-hanging-shelf-floating-shelf-wall-decor-home-decoration-indoor-outdoor.jpeg
42,Wall Decor & Hangings,Madhubani painting,"Decorative Madhubani painting that adds ethnic texture and visual depth to neutral walls; perfect for warm, "" cohesive modern Indian decor themes.",https://khirki.in/cdn/shop/files/Artboard3_05368a32-ee51-44dc-9b0e-0a98b21a0333.jpg?v=1730457108
43,Wall Decor & Hangings,Warli wall art,"Decorative Warli wall art that adds ethnic texture and visual depth to neutral walls; perfect for warm, "" cohesive modern Indian decor themes.",https://m.media-amazon.com/images/I/81U4NrPx3aL.jpg
44,Wall Decor & Hangings,Pattachitra painting,"Decorative Pattachitra painting that adds ethnic texture and visual depth to neutral walls; perfect for warm, "" cohesive modern Indian decor themes.",https://encrypted-tbn0.gstatic.com/images?q=tbn:ANd9GcQKmcYeAULys9HkPOU3nL1Q-Y3KhrsjBE0Z3w&s
45,Wall Decor & Hangings,Wooden carved panel,"Decorative Wooden carved panel that adds ethnic texture and visual depth to neutral walls; perfect for warm, "" cohesive modern Indian decor themes.",https://m.media-amazon.com/images/I/71NOlKoHZsL.jpg
46,Wall Decor & Hangings,Fabric tapestry,"Decorative Fabric tapestry that adds ethnic texture and visual depth to neutral walls; perfect for warm, "" cohesive modern Indian decor themes.","https://images-eu.ssl-images-amazon.com/images/I/91YYnl1at5L._AC_UL210_SR210,210_.jpg"
47,Wall Decor & Hangings,Mirror work hanging,"Decorative Mirror work hanging that adds ethnic texture and visual depth to neutral walls; perfect for warm, "" cohesive modern Indian decor themes.","https://m.media-amazon.com/images/I/81BYN1UeFJL._AC_UF350,350_QL80_.jpg"
48,Wall Decor & Hangings,Wall plates set,"Decorative Wall plates set that adds ethnic texture and visual depth to neutral walls; perfect for warm, "" cohesive modern Indian decor themes.",https://encrypted-tbn0.gstatic.com/images?q=tbn:ANd9GcRokZVIqaUSqtGnKf4RG3ADJp01eDkG9Scpog&s
49,Wall Decor & Hangings,Metal wall art tree,"Decorative Metal wall art tree that adds ethnic texture and visual depth to neutral walls; perfect for warm, "" cohesive modern Indian decor themes.",https://m.media-amazon.com/images/I/81S0A6-uQyL.jpg
50,Wall Decor & Hangings,Handwoven wall rug,"Decorative Handwoven wall rug that adds ethnic texture and visual depth to neutral walls; perfect for warm, "" cohesive modern Indian decor themes.",https://i.etsystatic.com/19516940/r/il/710dd6/7514254186/il_570xN.7514254186_sr40.jpg
51,Wall Decor & Hangings,Bamboo wall basket,"Decorative Bamboo wall basket that adds ethnic texture and visual depth to neutral walls; perfect for warm, "" cohesive modern Indian decor themes.",https://encrypted-tbn0.gstatic.com/images?q=tbn:ANd9GcRzUlqk1MaacfD-rGLxfuc-99FeQAOGSyqauw&s
52,Wall Decor & Hangings,Jute wall hanging,"Decorative Jute wall hanging that adds ethnic texture and visual depth to neutral walls; perfect for warm, "" cohesive modern Indian decor themes.",https://www.memeraki.com/cdn/shop/files/Picturesque-Panorama-Cherished-Tradition-Reborn-Ghazipur-Wall-Hanging-by-Md.-Matim-2_1024x.jpg?v=1724398814
,,,,
,,,,
55,Wall Decor & Hangings,Vintage clock,"Decorative Vintage clock that adds ethnic texture and visual depth to neutral walls; perfect for warm, "" cohesive modern Indian decor themes.",https://encrypted-tbn0.gstatic.com/images?q=tbn:ANd9GcQWc8ZGRJ0lO8jtOrqjQANdmLzUxyQQ8rsF0A&s
56,Wall Decor & Hangings,Hanging bells decor,"Decorative Hanging bells decor that adds ethnic texture and visual depth to neutral walls; perfect for warm, "" cohesive modern Indian decor themes.","https://m.media-amazon.com/images/I/61JXQapvktL._AC_UF894,1000_QL80_.jpg"
57,Wall Decor & Hangings,Wall-mounted diya stand,"Decorative Wall-mounted diya stand that adds ethnic texture and visual depth to neutral walls; perfect for warm, "" cohesive modern Indian decor themes.",https://encrypted-tbn0.gstatic.com/images?q=tbn:ANd9GcRwK9BGZgxKGCgi2ZdPk0vI11LJs7XqJ5ugNg&s
58,Wall Decor & Hangings,Mandala art frame,"Decorative Mandala art frame that adds ethnic texture and visual depth to neutral walls; perfect for warm, "" cohesive modern Indian decor themes.",https://encrypted-tbn0.gstatic.com/images?q=tbn:ANd9GcQ87lo5IyjMYOxGiWdIpiVi1c_ejpWWipvyCw&s
59,Wall Decor & Hangings,Canvas ethnic painting,"Decorative Canvas ethnic painting that adds ethnic texture and visual depth to neutral walls; perfect for warm, "" cohesive modern Indian decor themes.",https://encrypted-tbn0.gstatic.com/images?q=tbn:ANd9GcQVpVFv66Wpfgzd3ISQ3NSY41CQ82JSnvbgKA&s
60,Wall Decor & Hangings,Wooden nameplate,"Decorative Wooden nameplate that adds ethnic texture and visual depth to neutral walls; perfect for warm, "" cohesive modern Indian decor themes.",https://encrypted-tbn0.gstatic.com/images?q=tbn:ANd9GcRuVEKP_eAqIGZZou_RiZxgNJ5Hx9jdArAvnQ&s
61,Wall Decor & Hangings,Hanging planters,"Decorative Hanging planters that adds ethnic texture and visual depth to neutral walls; perfect for warm, "" cohesive modern Indian decor themes.",https://encrypted-tbn0.gstatic.com/images?q=tbn:ANd9GcS5uaqT0gQcOUEWVXFKjPgsmYoMBdLvkTl2Fw&s
62,Wall Decor & Hangings,Dreamcatcher,"Decorative Dreamcatcher that adds ethnic texture and visual depth to neutral walls; perfect for warm, "" cohesive modern Indian decor themes.",https://encrypted-tbn0.gstatic.com/images?q=tbn:ANd9GcQYv3hTSo_EVOqLmfAUiwAySijTDkZxb1kCgA&s
63,Wall Decor & Hangings,Antique window frame decor,"Decorative Antique window frame decor that adds ethnic texture and visual depth to neutral walls; perfect for warm, "" cohesive modern Indian decor themes.",https://encrypted-tbn0.gstatic.com/images?q=tbn:ANd9GcSEihIL14C-YLhh1t2AxFTOZd0uQdoBapmryg&s
64,Wall Decor & Hangings,Wall shelves (ethnic style),"Decorative Wall shelves (ethnic style) that adds ethnic texture and visual depth to neutral walls; perfect for warm, "" cohesive modern Indian decor themes.",https://encrypted-tbn0.gstatic.com/images?q=tbn:ANd9GcSBXzxlUunF0tthgi6IcQChKgIjVZzSEoFYNQ&s
,,,,
66,Wall Decor & Hangings,Beaded wall hanging,"Decorative Beaded wall hanging that adds ethnic texture and visual depth to neutral walls; perfect for warm, "" cohesive modern Indian decor themes.",https://encrypted-tbn0.gstatic.com/images?q=tbn:ANd9GcRpfyTchW-nRSzgFG55bXZx1A-8OI-e7Ukb6A&s
67,Wall Decor & Hangings,Metal sun wall art,"Decorative Metal sun wall art that adds ethnic texture and visual depth to neutral walls; perfect for warm, "" cohesive modern Indian decor themes.",https://encrypted-tbn0.gstatic.com/images?q=tbn:ANd9GcS-z5oMd8a1bLe624DOQvK3e0eihDLzBTSBVA&s
68,Wall Decor & Hangings,Wooden lattice panel,"Decorative Wooden lattice panel that adds ethnic texture and visual depth to neutral walls; perfect for warm, "" cohesive modern Indian decor themes.",https://m.media-amazon.com/images/I/61c+buV-beL.jpg
69,Wall Decor & Hangings,Photo frame collage,"Decorative Photo frame collage that adds ethnic texture and visual depth to neutral walls; perfect for warm, "" cohesive modern Indian decor themes.",https://artstreet.in/cdn/shop/files/81okBd2xJ_L._SL1500_700x700.jpg?v=1730891859
70,Wall Decor & Hangings,Hand-painted tiles,"Decorative Hand-painted tiles that adds ethnic texture and visual depth to neutral walls; perfect for warm, "" cohesive modern Indian decor themes.",https://encrypted-tbn0.gstatic.com/images?q=tbn:ANd9GcQSC6otU3dO-WxJYupb6vyjiRSf-MvSJQdqpw&s
71,Wall Decor & Hangings,Clay plate decor,"Decorative Clay plate decor that adds ethnic texture and visual depth to neutral walls; perfect for warm, "" cohesive modern Indian decor themes.",https://encrypted-tbn0.gstatic.com/images?q=tbn:ANd9GcT_d0Y1cPrHIbLsdnHUFQmJT49Eq69NrxPCnA&s
72,Wall Decor & Hangings,Mirror mosaic art,"Decorative Mirror mosaic art that adds ethnic texture and visual depth to neutral walls; perfect for warm, "" cohesive modern Indian decor themes.",https://www.artociti.com/cdn/shop/files/radiant-handmade-mirror-mosaic-lippan-art-set-of-3-white-12-inch-diameter-864.webp?v=1771353853&width=1000
73,Wall Decor & Hangings,Wall Metal Lantern,"Decorative String light photo wall that adds ethnic texture and visual depth to neutral walls; perfect for warm, "" cohesive modern Indian decor themes.",https://www.homesake.in/cdn/shop/files/IH0C303.jpg?v=1758275432&width=713
74,Wall Decor & Hangings,Ethnic quote frame,"Decorative Ethnic quote frame that adds ethnic texture and visual depth to neutral walls; perfect for warm, "" cohesive modern Indian decor themes.",https://www.zwende.com/cdn/shop/products/Quotes_over_board_scenesettings_3.jpg?v=1660121385&width=900
75,Wall Decor & Hangings,White Marbel Handcrafted Items ,"Decorative Hanging diya chain that adds ethnic texture and visual depth to neutral walls; perfect for warm, "" cohesive modern Indian decor themes.",https://5.imimg.com/data5/SELLER/Default/2024/6/426722115/DC/UB/LR/124199175/marble-handicrafts-items.jpg
76,Furniture & Large Decor,Wooden jharokha mirror,Statement Wooden jharokha mirror designed for functional elegance with artisanal character; suitable for modern Indian homes and premium lifestyle setups.,https://encrypted-tbn0.gstatic.com/images?q=tbn:ANd9GcT0JWCIjHBfOyt60X6nujT0THdLd5BqEJc0xQ&s
77,Furniture & Large Decor,Carved wooden chair,Statement Carved wooden chair designed for functional elegance with artisanal character; suitable for modern Indian homes and premium lifestyle setups.,https://encrypted-tbn0.gstatic.com/images?q=tbn:ANd9GcQIB5RT5k9bb1nIbGTdpzoKjyGVDtt2vrWFEw&s
,,,,
79,Furniture & Large Decor,Antique trunk,Statement Antique trunk designed for functional elegance with artisanal character; suitable for modern Indian homes and premium lifestyle setups.,https://i.etsystatic.com/11482290/r/il/3b7f1f/2252616608/il_fullxfull.2252616608_mdnj.jpg
80,Furniture & Large Decor,Cane chair,Statement Cane chair designed for functional elegance with artisanal character; suitable for modern Indian homes and premium lifestyle setups.,https://encrypted-tbn0.gstatic.com/images?q=tbn:ANd9GcT90BNVwGiOjwciwLgt1ltQ6ryQJQ40T5Ncgw&s
81,Furniture & Large Decor,Wooden bench,Statement Wooden bench designed for functional elegance with artisanal character; suitable for modern Indian homes and premium lifestyle setups.,https://encrypted-tbn0.gstatic.com/images?q=tbn:ANd9GcSpq8IX4KjIXYH4OegQndnOTKjELLIWq8VxCg&s
82,Furniture & Large Decor,Charpai (cot),Statement Charpai (cot) designed for functional elegance with artisanal character; suitable for modern Indian homes and premium lifestyle setups.,https://encrypted-tbn0.gstatic.com/images?q=tbn:ANd9GcSeHbP2HIrVYFNoPBsmywoKayamlUE6LWskZw&s
83,Furniture & Large Decor,Brass inlay table,Statement Brass inlay table designed for functional elegance with artisanal character; suitable for modern Indian homes and premium lifestyle setups.,https://encrypted-tbn0.gstatic.com/images?q=tbn:ANd9GcRcdYP62nfivyQDLY8i1925ms62nmQTEbdzPA&s
84,Furniture & Large Decor,Vintage cabinet,Statement Vintage cabinet designed for functional elegance with artisanal character; suitable for modern Indian homes and premium lifestyle setups.,https://encrypted-tbn0.gstatic.com/images?q=tbn:ANd9GcTOqevwgGZnEdg_olZjMwt9qUw3R72nXqUdyw&s
85,Furniture & Large Decor,Wooden partition screen,Statement Wooden partition screen designed for functional elegance with artisanal character; suitable for modern Indian homes and premium lifestyle setups.,https://encrypted-tbn0.gstatic.com/images?q=tbn:ANd9GcRKPPA1Ryxt9bTTgkD27t5zCgZvQKspZENHaA&s
86,Furniture & Large Decor,Ethnic sofa cushions,Statement Ethnic sofa cushions designed for functional elegance with artisanal character; suitable for modern Indian homes and premium lifestyle setups.,https://encrypted-tbn0.gstatic.com/images?q=tbn:ANd9GcQFxutcKXHeVXfhK-Wqgw_rFAiK-LQsR7clDg&s
87,Furniture & Large Decor,Pouffe (floor seat),Statement Pouffe (floor seat) designed for functional elegance with artisanal character; suitable for modern Indian homes and premium lifestyle setups.,https://cdn11.bigcommerce.com/s-ndgwf6iffo/images/stencil/original/products/2394/9991/ottoman-round-boho-chic-canvas-floor-cushion-pillow-pouf-in-moss-green__44207.1660816899.jpg
88,Furniture & Large Decor,Carved side table,Statement Carved side table designed for functional elegance with artisanal character; suitable for modern Indian homes and premium lifestyle setups.,https://encrypted-tbn0.gstatic.com/images?q=tbn:ANd9GcRVvUVRIeLyWil9zWIObp0ESW7JkfrsWULiBQ&s
89,Furniture & Large Decor,Storage ottoman,Statement Storage ottoman designed for functional elegance with artisanal character; suitable for modern Indian homes and premium lifestyle setups.,https://www.ellementry.com/cdn/shop/files/WDFRA3986_00.webp?v=1758208085
90,Furniture & Large Decor,Wooden swing (jhula),Statement Wooden swing (jhula) designed for functional elegance with artisanal character; suitable for modern Indian homes and premium lifestyle setups.,https://images.pexels.com/photos/31334041/pexels-photo-31334041.jpeg
91,Furniture & Large Decor,Bamboo stool,Statement Bamboo stool designed for functional elegance with artisanal character; suitable for modern Indian homes and premium lifestyle setups.,https://images.pexels.com/photos/34244678/pexels-photo-34244678.jpeg
92,Furniture & Large Decor,Rustic ladder shelf,Statement Rustic ladder shelf designed for functional elegance with artisanal character; suitable for modern Indian homes and premium lifestyle setups.,https://images.pexels.com/photos/33955611/pexels-photo-33955611.jpeg
93,Furniture & Large Decor,Folding wooden table,Statement Folding wooden table designed for functional elegance with artisanal character; suitable for modern Indian homes and premium lifestyle setups.,https://ebonywoodcrafts.in/cdn/shop/articles/discover-the-benefits-of-a-folding-table-versatile-space-saving-solutions-for-your-home-or-office-998692.jpg?v=1702360597&width=1100
94,Furniture & Large Decor,Painted almirah,Statement Painted almirah designed for functional elegance with artisanal character; suitable for modern Indian homes and premium lifestyle setups.,https://images.pexels.com/photos/19962637/pexels-photo-19962637.jpeg
95,Furniture & Large Decor,Wooden chest,Statement Wooden chest designed for functional elegance with artisanal character; suitable for modern Indian homes and premium lifestyle setups.,https://images.pexels.com/photos/13042067/pexels-photo-13042067.jpeg
96,Furniture & Large Decor,Corner shelf,Statement Corner shelf designed for functional elegance with artisanal character; suitable for modern Indian homes and premium lifestyle setups.,https://images.pexels.com/photos/34084406/pexels-photo-34084406.jpeg
97,Furniture & Large Decor,Ethnic TV unit,Statement Ethnic TV unit designed for functional elegance with artisanal character; suitable for modern Indian homes and premium lifestyle setups.,https://www.pexels.com/photo/modern-luxurious-living-room-interior-design-34538315/
98,Furniture & Large Decor,Handwoven stool,Statement Handwoven stool designed for functional elegance with artisanal character; suitable for modern Indian homes and premium lifestyle setups.,https://images.pexels.com/photos/27905045/pexels-photo-27905045.jpeg
99,Furniture & Large Decor,Wooden shoe rack,Statement Wooden shoe rack designed for functional elegance with artisanal character; suitable for modern Indian homes and premium lifestyle setups.,https://images.pexels.com/photos/35549708/pexels-photo-35549708.jpeg
100,Furniture & Large Decor,Antique dressing mirror,Statement Antique dressing mirror designed for functional elegance with artisanal character; suitable for modern Indian homes and premium lifestyle setups.,https://images.pexels.com/photos/16476339/pexels-photo-16476339.jpeg
101,"""""Rugs"","" Carpets & Textiles""""",Handwoven cotton rug,"Textural Handwoven cotton rug crafted to add warmth, comfort, and ethnic detail to floors and seating areas in contemporary Indian interiors.",https://images.pexels.com/photos/34135357/pexels-photo-34135357.jpeg
102,"""""Rugs"","" Carpets & Textiles""""",Jute floor rug,"Textural Jute floor rug crafted to add warmth, comfort, and ethnic detail to floors and seating areas in contemporary Indian interiors.",https://images.pexels.com/photos/8113012/pexels-photo-8113012.jpeg
103,"""""Rugs"","" Carpets & Textiles""""",Kashmiri carpet,"Textural Kashmiri carpet crafted to add warmth, comfort, and ethnic detail to floors and seating areas in contemporary Indian interiors.",https://images.pexels.com/photos/3957601/pexels-photo-3957601.jpeg
104,"""""Rugs"","" Carpets & Textiles""""",Dhurrie rug,"Textural Dhurrie rug crafted to add warmth, comfort, and ethnic detail to floors and seating areas in contemporary Indian interiors.",https://images.pexels.com/photos/36055480/pexels-photo-36055480.jpeg
105,"""""Rugs"","" Carpets & Textiles""""",Silk carpet,"Textural Silk carpet crafted to add warmth, comfort, and ethnic detail to floors and seating areas in contemporary Indian interiors.",https://images.pexels.com/photos/32860533/pexels-photo-32860533.jpeg
106,"""""Rugs"","" Carpets & Textiles""""",Printed floor mat,"Textural Printed floor mat crafted to add warmth, comfort, and ethnic detail to floors and seating areas in contemporary Indian interiors.",https://images.pexels.com/photos/34803331/pexels-photo-34803331.jpeg
107,"""""Rugs"","" Carpets & Textiles""""",Patchwork rug,"Textural Patchwork rug crafted to add warmth, comfort, and ethnic detail to floors and seating areas in contemporary Indian interiors.",https://rugette.com/cdn/shop/files/RJ10104-3d-2.jpg?v=1758884928&width=1946
108,"""""Rugs"","" Carpets & Textiles""""",Woolen rug,"Textural Woolen rug crafted to add warmth, comfort, and ethnic detail to floors and seating areas in contemporary Indian interiors.",https://images.pexels.com/photos/36203095/pexels-photo-36203095.jpeg
109,"""""Rugs"","" Carpets & Textiles""""",Bohemian floor rug,"Textural Bohemian floor rug crafted to add warmth, comfort, and ethnic detail to floors and seating areas in contemporary Indian interiors.",https://images.pexels.com/photos/30002543/pexels-photo-30002543.jpeg
110,"""""Rugs"","" Carpets & Textiles""""",Round jute rug,"Textural Round jute rug crafted to add warmth, comfort, and ethnic detail to floors and seating areas in contemporary Indian interiors.",https://cdn.swadeshonline.com/v2/patient-paper-41f385/swad-p/wrkr/products/pictures/item/free/original/swadesh/471014563/1/KKdENmwnls-471014563001_1_LS.jpg
111,"""""Rugs"","" Carpets & Textiles""""",Ethnic bedspread,"Textural Ethnic bedspread crafted to add warmth, comfort, and ethnic detail to floors and seating areas in contemporary Indian interiors.",https://3.imimg.com/data3/JE/SK/MY-10804007/ethnic-bedspread-250x250.jpeg
112,"""""Rugs"","" Carpets & Textiles""""",Cushion covers (block print),"Textural Cushion covers (block print) crafted to add warmth, comfort, and ethnic detail to floors and seating areas in contemporary Indian interiors.",https://images.pexels.com/photos/9316208/pexels-photo-9316208.jpeg
113,"""""Rugs"","" Carpets & Textiles""""",Kantha quilt,"Textural Kantha quilt crafted to add warmth, comfort, and ethnic detail to floors and seating areas in contemporary Indian interiors.",https://images.pexels.com/photos/34530341/pexels-photo-34530341.jpeg
114,"""""Rugs"","" Carpets & Textiles""""",Embroidered throw,"Textural Embroidered throw crafted to add warmth, comfort, and ethnic detail to floors and seating areas in contemporary Indian interiors.",https://cdn.fynd.com/v2/falling-surf-7c8bb8/fyprod/wrkr/products/pictures/item/free/original/pottery-barn/8373168/2/NZsi0KzeJh-terracotta-embroidered-cotton-table-throw-xl.jpg?dpr=1
115,"""""Rugs"","" Carpets & Textiles""""",Sofa throws,"Textural Sofa throws crafted to add warmth, comfort, and ethnic detail to floors and seating areas in contemporary Indian interiors.",https://encrypted-tbn0.gstatic.com/images?q=tbn:ANd9GcR-S9zF5981OvSgpE8i7mObipmKtQ04Meo1Xg&s
116,"""""Rugs"","" Carpets & Textiles""""",Door mats (ethnic print),"Textural Door mats (ethnic print) crafted to add warmth, comfort, and ethnic detail to floors and seating areas in contemporary Indian interiors.",https://images.pexels.com/photos/29448027/pexels-photo-29448027.jpeg
117,"""""Rugs"","" Carpets & Textiles""""",Bamboo mat,"Textural Bamboo mat crafted to add warmth, comfort, and ethnic detail to floors and seating areas in contemporary Indian interiors.",https://i.etsystatic.com/8371930/r/il/beca10/711984600/il_570xN.711984600_q1fx.jpg
118,"""""Rugs"","" Carpets & Textiles""""",Tribal print rug,"Textural Tribal print rug crafted to add warmth, comfort, and ethnic detail to floors and seating areas in contemporary Indian interiors.",https://suryaliving.com/cdn/shop/collections/Surya_Living_Collection_Banner_webp.webp?v=1760594971&width=3840
119,"""""Rugs"","" Carpets & Textiles""""",Velvet carpet,"Textural Velvet carpet crafted to add warmth, comfort, and ethnic detail to floors and seating areas in contemporary Indian interiors.",https://images.pexels.com/photos/27830092/pexels-photo-27830092.jpeg
120,"""""Rugs"","" Carpets & Textiles""""",Floor seating mattress,"Textural Floor seating mattress crafted to add warmth, comfort, and ethnic detail to floors and seating areas in contemporary Indian interiors.",https://icmedianew.gumlet.io/pub/media/catalog/product/cache/f2d421546b83b64fb3f7a27d900ed3ed/i/n/india-circus-by-krsnaa-mehta-gray-galore-4ft-x-6ft-rug-52101500sd00574-6.jpg
121,"""""Candles"","" Lighting & Fragrance""""",Scented candles (attar fragrance),"Ambient Scented candles (attar fragrance) for soft warm lighting and sensory styling; ideal for cozy, "" luxury-inspired decor and e-commerce presentation.",https://encrypted-tbn0.gstatic.com/images?q=tbn:ANd9GcR7swOiQf3uvoYd190eBnsIWnj4kS-dONaUAQ&s
122,"""""Candles"","" Lighting & Fragrance""""",Brass candle holder,"Ambient Brass candle holder for soft warm lighting and sensory styling; ideal for cozy, "" luxury-inspired decor and e-commerce presentation.",https://images.pexels.com/photos/8856551/pexels-photo-8856551.jpeg
123,"""""Candles"","" Lighting & Fragrance""""",Clay candle stand,"Ambient Clay candle stand for soft warm lighting and sensory styling; ideal for cozy, "" luxury-inspired decor and e-commerce presentation.",https://images.pexels.com/photos/28868186/pexels-photo-28868186.jpeg
124,"""""Candles"","" Lighting & Fragrance""""",Hanging lantern,"Ambient Hanging lantern for soft warm lighting and sensory styling; ideal for cozy, "" luxury-inspired decor and e-commerce presentation.",https://encrypted-tbn0.gstatic.com/images?q=tbn:ANd9GcTzo8hHnu3sgM3aaG97DKmzGQXrF8aP30p04A&s
125,"""""Candles"","" Lighting & Fragrance""""",Paper lantern,"Ambient Paper lantern for soft warm lighting and sensory styling; ideal for cozy, "" luxury-inspired decor and e-commerce presentation.",https://images.pexels.com/photos/20689021/pexels-photo-20689021.jpeg
126,"""""Candles"","" Lighting & Fragrance""""",LED diya lights,"Ambient LED diya lights for soft warm lighting and sensory styling; ideal for cozy, "" luxury-inspired decor and e-commerce presentation.","https://m.media-amazon.com/images/I/81xsEhpPNQL._AC_UF894,1000_QL80_.jpg"
127,"""""Candles"","" Lighting & Fragrance""""",Oil lamp (traditional diya),"Ambient Oil lamp (traditional diya) for soft warm lighting and sensory styling; ideal for cozy, "" luxury-inspired decor and e-commerce presentation.",https://images.pexels.com/photos/34431713/pexels-photo-34431713.jpeg
128,"""""Candles"","" Lighting & Fragrance""""",Fairy lights,"Ambient Fairy lights for soft warm lighting and sensory styling; ideal for cozy, "" luxury-inspired decor and e-commerce presentation.",https://images.pexels.com/photos/29034733/pexels-photo-29034733.jpeg
129,"""""Candles"","" Lighting & Fragrance""""",Aroma diffuser,"Ambient Aroma diffuser for soft warm lighting and sensory styling; ideal for cozy, "" luxury-inspired decor and e-commerce presentation.",https://images.pexels.com/photos/6915107/pexels-photo-6915107.jpeg
130,"""""Candles"","" Lighting & Fragrance""""",Incense sticks (agarbatti) holder,"Ambient Incense sticks (agarbatti) holder for soft warm lighting and sensory styling; ideal for cozy, "" luxury-inspired decor and e-commerce presentation.",https://images.pexels.com/photos/29393578/pexels-photo-29393578.jpeg
131,"""""Candles"","" Lighting & Fragrance""""",Dhoop holder,"Ambient Dhoop holder for soft warm lighting and sensory styling; ideal for cozy, "" luxury-inspired decor and e-commerce presentation.",https://images.pexels.com/photos/8818631/pexels-photo-8818631.jpeg
132,"""""Candles"","" Lighting & Fragrance""""",Glass candle jar,"Ambient Glass candle jar for soft warm lighting and sensory styling; ideal for cozy, "" luxury-inspired decor and e-commerce presentation.",https://images.pexels.com/photos/15020327/pexels-photo-15020327.png
133,"""""Candles"","" Lighting & Fragrance""""",Mosaic lamp,"Ambient Mosaic lamp for soft warm lighting and sensory styling; ideal for cozy, "" luxury-inspired decor and e-commerce presentation.",https://images.pexels.com/photos/6332415/pexels-photo-6332415.jpeg
134,"""""Candles"","" Lighting & Fragrance""""",Himalayan salt lamp,"Ambient Himalayan salt lamp for soft warm lighting and sensory styling; ideal for cozy, "" luxury-inspired decor and e-commerce presentation.",https://i.etsystatic.com/10795275/r/il/f235b4/5236728157/il_fullxfull.5236728157_g69g.jpg
135,"""""Candles"","" Lighting & Fragrance""""",Lantern with stand,"Ambient Lantern with stand for soft warm lighting and sensory styling; ideal for cozy, "" luxury-inspired decor and e-commerce presentation.",https://images.pexels.com/photos/34644586/pexels-photo-34644586.jpeg
136,"""""Candles"","" Lighting & Fragrance""""",Wooden lamp base,"Ambient Wooden lamp base for soft warm lighting and sensory styling; ideal for cozy, "" luxury-inspired decor and e-commerce presentation.",https://images.pexels.com/photos/22812063/pexels-photo-22812063.jpeg
137,"""""Candles"","" Lighting & Fragrance""""",Bamboo lamp,"Ambient Bamboo lamp for soft warm lighting and sensory styling; ideal for cozy, "" luxury-inspired decor and e-commerce presentation.","""""https://m.media-amazon.com/images/I/61yD5gsKv0L._AC_UF1000"",""1000_QL80_.jpg"""""
138,"""""Candles"","" Lighting & Fragrance""""",Hanging bulb decor,"Ambient Hanging bulb decor for soft warm lighting and sensory styling; ideal for cozy, "" luxury-inspired decor and e-commerce presentation.",https://images.pexels.com/photos/34386519/pexels-photo-34386519.jpeg
139,"""""Candles"","" Lighting & Fragrance""""",Ethnic chandelier,"Ambient Ethnic chandelier for soft warm lighting and sensory styling; ideal for cozy, "" luxury-inspired decor and e-commerce presentation.",https://images.pexels.com/photos/8515709/pexels-photo-8515709.jpeg
140,"""""Candles"","" Lighting & Fragrance""""",Floating candles,"Ambient Floating candles for soft warm lighting and sensory styling; ideal for cozy, "" luxury-inspired decor and e-commerce presentation.",https://images.pexels.com/photos/8819116/pexels-photo-8819116.jpeg
141,Unique & Modern Ethnic Add-ons,Indoor water fountain,Curated Indoor water fountain blending modern utility with ethnic aesthetics; suitable for premium home decor styling and catalog photography.,https://images.pexels.com/photos/35284674/pexels-photo-35284674.jpeg
142,Unique & Modern Ethnic Add-ons,Bonsai plant decor,Curated Bonsai plant decor blending modern utility with ethnic aesthetics; suitable for premium home decor styling and catalog photography.,https://images.pexels.com/photos/16052113/pexels-photo-16052113.jpeg
143,Unique & Modern Ethnic Add-ons,Terrarium,Curated Terrarium blending modern utility with ethnic aesthetics; suitable for premium home decor styling and catalog photography.,https://images.pexels.com/photos/33266902/pexels-photo-33266902.jpeg
144,Unique & Modern Ethnic Add-ons,Hanging herb garden,Curated Hanging herb garden blending modern utility with ethnic aesthetics; suitable for premium home decor styling and catalog photography.,https://images.pexels.com/photos/36793397/pexels-photo-36793397.jpeg
145,Unique & Modern Ethnic Add-ons,Decorative trays,Curated Decorative trays blending modern utility with ethnic aesthetics; suitable for premium home decor styling and catalog photography.,https://images.pexels.com/photos/32285464/pexels-photo-32285464.jpeg
146,Unique & Modern Ethnic Add-ons,Ethnic tissue box,Curated Ethnic tissue box blending modern utility with ethnic aesthetics; suitable for premium home decor styling and catalog photography.,https://images.pexels.com/photos/5209519/pexels-photo-5209519.jpeg
147,Unique & Modern Ethnic Add-ons,Hand-painted switchboards,Curated Hand-painted switchboards blending modern utility with ethnic aesthetics; suitable for premium home decor styling and catalog photography.,https://images.pexels.com/photos/7746038/pexels-photo-7746038.jpeg
148,Unique & Modern Ethnic Add-ons,Vintage radio decor,Curated Vintage radio decor blending modern utility with ethnic aesthetics; suitable for premium home decor styling and catalog photography.,https://images.pexels.com/photos/18459149/pexels-photo-18459149.jpeg
149,Unique & Modern Ethnic Add-ons,Handcrafted clock,Curated Handcrafted clock blending modern utility with ethnic aesthetics; suitable for premium home decor styling and catalog photography.,https://images.pexels.com/photos/34637737/pexels-photo-34637737.jpeg
150,Unique & Modern Ethnic Add-ons,Decorative book stack,Curated Decorative book stack blending modern utility with ethnic aesthetics; suitable for premium home decor styling and catalog photography.,https://m.media-amazon.com/images/I/818mYU-lsiL.jpg
151,Furniture & Large Decor,Mudda ,Statement Mudda designed for functional elegance with artisanal character; suitable for modern Indian homes and premium lifestyle setups.,https://www.handmakers.in/cdn/shop/products/IMG_8466.jpg?v=1654412837&width=1000
